"ID","Description","GeneRatio","BgRatio","RichFactor","FoldEnrichment","zScore","pvalue","p.adjust","qvalue","geneID","Count"
"GO:0044391","ribosomal subunit","124/3892","186/19960",0.666666666666667,3.41897910243234,16.3123382024286,7.04837627706667e-45,5.3074273366312e-42,3.98418743240506e-42,"AURKAIP1/CHCHD1/DAP3/FAU/GADD45GIP1/LARP4/MPV17L2/MRPL10/MRPL11/MRPL14/MRPL16/MRPL21/MRPL22/MRPL23/MRPL24/MRPL28/MRPL32/MRPL33/MRPL34/MRPL37/MRPL4/MRPL41/MRPL43/MRPL44/MRPL45/MRPL47/MRPL49/MRPL52/MRPL54/MRPL55/MRPL57/MRPL9/MRPS12/MRPS15/MRPS2/MRPS21/MRPS26/MRPS30/MRPS34/MRPS7/MRPS9/NSUN3/RACK1/RBM3/RPL10/RPL10A/RPL11/RPL12/RPL13/RPL13A/RPL14/RPL15/RPL17/RPL18/RPL18A/RPL19/RPL21/RPL22/RPL23/RPL23A/RPL24/RPL26/RPL26L1/RPL27/RPL27A/RPL28/RPL29/RPL3/RPL30/RPL31/RPL32/RPL34/RPL35/RPL35A/RPL36/RPL36AL/RPL37/RPL37A/RPL38/RPL39/RPL4/RPL41/RPL5/RPL6/RPL7/RPL7A/RPL8/RPL9/RPLP0/RPLP0P6/RPLP1/RPLP2/RPS11/RPS12/RPS13/RPS14/RPS15/RPS15A/RPS16/RPS17/RPS18/RPS19/RPS2/RPS20/RPS21/RPS23/RPS24/RPS25/RPS26/RPS27/RPS27A/RPS28/RPS29/RPS3/RPS3A/RPS4X/RPS5/RPS6/RPS7/RPS8/RPS9/RPSA/RPSA2/UBA52",124
"GO:0022626","cytosolic ribosome","91/3892","118/19960",0.771186440677966,3.95500548713572,15.844606793116,1.15376097264274e-41,4.34391006199991e-39,3.26089285425869e-39,"ASCC2/ASCC3/EEF1A1/FAU/LARP4/LTN1/RACK1/RNF14/RNF25/RPL10/RPL10A/RPL11/RPL12/RPL13/RPL13A/RPL14/RPL15/RPL17/RPL18/RPL18A/RPL19/RPL21/RPL22/RPL23/RPL23A/RPL24/RPL26/RPL26L1/RPL27/RPL27A/RPL28/RPL29/RPL3/RPL30/RPL31/RPL32/RPL34/RPL35/RPL35A/RPL36/RPL36AL/RPL37/RPL37A/RPL38/RPL39/RPL4/RPL41/RPL5/RPL6/RPL7/RPL7A/RPL8/RPL9/RPLP0/RPLP0P6/RPLP1/RPLP2/RPS11/RPS12/RPS13/RPS14/RPS15/RPS15A/RPS16/RPS17/RPS18/RPS19/RPS2/RPS20/RPS21/RPS23/RPS24/RPS25/RPS26/RPS27/RPS27A/RPS28/RPS29/RPS3/RPS3A/RPS4X/RPS5/RPS6/RPS7/RPS8/RPS9/RPSA/RPSA2/UBA52/USP10/ZNF598",91
"GO:0005840","ribosome","140/3892","245/19960",0.571428571428571,2.93055351637058,14.9637825985203,3.75439646389614e-39,9.42353512437931e-37,7.07407333723589e-37,"APEX1/ASCC2/ASCC3/AURKAIP1/CALR/CHCHD1/DAP3/EEF1A1/EEF2/FAU/GADD45GIP1/LARP4/LTN1/MPV17L2/MRPL10/MRPL11/MRPL14/MRPL16/MRPL21/MRPL22/MRPL23/MRPL24/MRPL28/MRPL32/MRPL33/MRPL34/MRPL37/MRPL4/MRPL41/MRPL43/MRPL44/MRPL45/MRPL47/MRPL49/MRPL52/MRPL54/MRPL55/MRPL57/MRPL9/MRPS12/MRPS15/MRPS2/MRPS21/MRPS26/MRPS30/MRPS34/MRPS7/MRPS9/NCK1/NSUN3/RACK1/RBM3/RNF14/RNF25/RPL10/RPL10A/RPL11/RPL12/RPL13/RPL13A/RPL13AP3/RPL14/RPL15/RPL17/RPL18/RPL18A/RPL19/RPL21/RPL22/RPL22L1/RPL23/RPL23A/RPL24/RPL26/RPL26L1/RPL27/RPL27A/RPL28/RPL29/RPL3/RPL30/RPL31/RPL32/RPL34/RPL35/RPL35A/RPL36/RPL36AL/RPL37/RPL37A/RPL38/RPL39/RPL4/RPL41/RPL5/RPL6/RPL7/RPL7A/RPL8/RPL9/RPLP0/RPLP0P6/RPLP1/RPLP2/RPS11/RPS12/RPS13/RPS14/RPS15/RPS15A/RPS16/RPS17/RPS18/RPS19/RPS2/RPS20/RPS21/RPS23/RPS24/RPS25/RPS26/RPS27/RPS27A/RPS28/RPS29/RPS3/RPS3A/RPS4X/RPS5/RPS6/RPS7/RPS8/RPS9/RPSA/RPSA2/SERP1/SF1/UBA52/USP10/ZNF598",140
"GO:0015934","large ribosomal subunit","79/3892","114/19960",0.692982456140351,3.55393880384414,13.4586442058556,7.57265530138022e-31,1.42555236048483e-28,1.07013576232663e-28,"GADD45GIP1/MPV17L2/MRPL10/MRPL11/MRPL14/MRPL16/MRPL21/MRPL22/MRPL23/MRPL24/MRPL28/MRPL32/MRPL33/MRPL34/MRPL37/MRPL4/MRPL41/MRPL43/MRPL44/MRPL45/MRPL47/MRPL49/MRPL52/MRPL54/MRPL55/MRPL57/MRPL9/MRPS30/NSUN3/RBM3/RPL10/RPL10A/RPL11/RPL12/RPL13/RPL13A/RPL14/RPL15/RPL17/RPL18/RPL18A/RPL19/RPL21/RPL22/RPL23/RPL23A/RPL24/RPL26/RPL26L1/RPL27/RPL27A/RPL28/RPL29/RPL3/RPL30/RPL31/RPL32/RPL34/RPL35/RPL35A/RPL36/RPL36AL/RPL37/RPL37A/RPL38/RPL39/RPL4/RPL41/RPL5/RPL6/RPL7/RPL7A/RPL8/RPL9/RPLP0/RPLP0P6/RPLP1/RPLP2/UBA52",79
"GO:0022625","cytosolic large ribosomal subunit","49/3892","57/19960",0.859649122807018,4.40868357945223,12.6835182515305,3.92839562328719e-27,5.9161638086705e-25,4.44115463095836e-25,"RPL10/RPL10A/RPL11/RPL12/RPL13/RPL13A/RPL14/RPL15/RPL17/RPL18/RPL18A/RPL19/RPL21/RPL22/RPL23/RPL23A/RPL24/RPL26/RPL26L1/RPL27/RPL27A/RPL28/RPL29/RPL3/RPL30/RPL31/RPL32/RPL34/RPL35/RPL35A/RPL36/RPL36AL/RPL37/RPL37A/RPL38/RPL39/RPL4/RPL41/RPL5/RPL6/RPL7/RPL7A/RPL8/RPL9/RPLP0/RPLP0P6/RPLP1/RPLP2/UBA52",49
"GO:0022627","cytosolic small ribosomal subunit","34/3892","42/19960",0.80952380952381,4.15161748152498,10.0625992118748,1.43992783066061e-17,1.80710942747907e-15,1.35656358783289e-15,"FAU/LARP4/RACK1/RPS11/RPS12/RPS13/RPS14/RPS15/RPS15A/RPS16/RPS17/RPS18/RPS19/RPS2/RPS20/RPS21/RPS23/RPS24/RPS25/RPS26/RPS27/RPS27A/RPS28/RPS29/RPS3/RPS3A/RPS4X/RPS5/RPS6/RPS7/RPS8/RPS9/RPSA/RPSA2",34
"GO:0015935","small ribosomal subunit","45/3892","74/19960",0.608108108108108,3.11866337046193,8.98626028789264,6.62846930452628e-15,7.13033912329755e-13,5.35261355869265e-13,"AURKAIP1/CHCHD1/DAP3/FAU/LARP4/MRPS12/MRPS15/MRPS2/MRPS21/MRPS26/MRPS34/MRPS7/MRPS9/RACK1/RPS11/RPS12/RPS13/RPS14/RPS15/RPS15A/RPS16/RPS17/RPS18/RPS19/RPS2/RPS20/RPS21/RPS23/RPS24/RPS25/RPS26/RPS27/RPS27A/RPS28/RPS29/RPS3/RPS3A/RPS4X/RPS5/RPS6/RPS7/RPS8/RPS9/RPSA/RPSA2",45
"GO:0098803","respiratory chain complex","54/3892","110/19960",0.490909090909091,2.51761188451836,7.85509965689413,2.62909897555652e-12,2.47463941074257e-10,1.85766598667612e-10,"ATP5F1A/ATP5F1B/ATP5F1D/ATP5F1E/ATP5F1EP2/ATP5MC1/ATP5MC2/ATP5MC3/ATP5MJ/ATP5PD/ATP5PF/BCS1L/COX15/COX4I1/COX5A/COX5B/COX6A1/COX6B1/COX7A1/COX7A2/COX7A2L/COX7B/COX7C/COX8A/CYC1/MTCO2P12/NDUFA1/NDUFA2/NDUFA3/NDUFA4/NDUFA6/NDUFB10/NDUFB11/NDUFB2/NDUFB4/NDUFB7/NDUFC1/NDUFS1/NDUFS2/NDUFS3/NDUFS5/NDUFS6/NDUFS8/NDUFV1/NNT/SDHA/SURF1/UQCRB/UQCRC1/UQCRFS1/UQCRFS1P1/UQCRH/UQCRHL/UQCRQ",54
"GO:0030684","preribosome","51/3892","106/19960",0.481132075471698,2.46747076732145,7.45543993887497,2.74278745816694e-11,2.29479883999967e-09,1.72266300004169e-09,"BOP1/BYSL/EBNA1BP2/FBL/IMP3/IMP4/KRI1/LTV1/MDN1/NGDN/NIP7/NOB1/NOL10/NOL7/NOP56/NOP58/NSA2/PES1/PRKDC/RPF1/RPS11/RPS12/RPS13/RPS14/RPS15A/RPS16/RPS17/RPS19/RPS19BP1/RPS23/RPS24/RPS27/RPS27A/RPS28/RPS3A/RPS4X/RPS5/RPS6/RPS7/RPS8/RPS9/RRP1/RRP9/RRS1/SLX9/SNU13/SRFBP1/UTP14A/UTP6/WDR3/ZNF622",51
"GO:0098798","mitochondrial protein-containing complex","72/3892","178/19960",0.404494382022472,2.07443675877917,7.0864814365145,8.57309600645107e-11,6.45554129285766e-09,4.84605532154129e-09,"AURKAIP1/BAX/CHCHD1/CHCHD10/DAP3/DNA2/DNAJC19/GADD45GIP1/HSD17B10/ISCU/LYRM4/MCUB/MFN1/MICOS13/MICU1/MPC1/MPV17L2/MRPL10/MRPL11/MRPL14/MRPL16/MRPL21/MRPL22/MRPL23/MRPL24/MRPL28/MRPL32/MRPL33/MRPL34/MRPL37/MRPL4/MRPL41/MRPL43/MRPL44/MRPL45/MRPL47/MRPL49/MRPL52/MRPL54/MRPL55/MRPL57/MRPL9/MRPS12/MRPS15/MRPS2/MRPS21/MRPS26/MRPS30/MRPS34/MRPS7/MRPS9/NSUN3/PHB2/PMPCA/POLRMT/PPIF/ROMO1/SLC25A5/SLC25A6/SMDT1/TIMM13/TIMM17A/TIMM17B/TIMM21/TIMM29/TIMM44/TIMM50/TOMM20/TOMM22/TOMM40/TOMM7/TRMT10B",72
"GO:0005681","spliceosomal complex","80/3892","207/19960",0.386473429951691,1.98201687097527,6.98976352660525,1.15591715413719e-10,7.91277833695729e-09,5.93997618920258e-09,"AKAP17A/ALYREF/AQR/BCAS2/BUD31/C9orf78/CACTIN/CDC5L/CIRBP/CRIPT/CWC15/CWF19L2/DDX39B/DDX41/DHX16/EIF4A3/ESS2/HNRNPA1/HNRNPA1L3/HNRNPDL/HNRNPH1/HNRNPH3/HNRNPM/HTATSF1/IK/ISY1/LSM4/LSM5/LSM7/LUC7L3/MAGOH/MTREX/NCL/PHF5A/PNN/PPIE/PPIH/PPIL1/PPIL3/PRPF18/PRPF31/PRPF38B/RALY/RBM17/RBM22/RBM3/RBMX/RBMX2/RHEB/RNF113A/SART1/SCNM1/SF1/SF3A2/SF3B2/SF3B3/SF3B4/SF3B5/SNRNP70/SNRPA/SNRPB/SNRPB2/SNRPC/SNRPD1/SNRPD2/SNRPE/SNRPF/SNU13/SRRM2/SRSF2/SYF2/TSSC4/TXNL4A/U2AF1L4/U2AF2/USP39/XAB2/YBX1/YJU2B/ZRSR2",80
"GO:0000786","nucleosome","57/3892","135/19960",0.422222222222222,2.16535343154048,6.68640746935659,1.13394052930707e-09,7.11547682140186e-08,5.3414567038412e-08,"DMAP1/EP400/H1-1/H1-10/H1-2/H1-3/H1-4/H1-5/H2AC11/H2AC13/H2AC15/H2AC16/H2AC20/H2AC21/H2AC4/H2AC7/H2AC8/H2AJ/H2AZ1/H2BC12/H2BC13/H2BC15/H2BC17/H2BC18/H2BC21/H2BC26/H2BC3/H2BC4/H2BC5/H2BC6/H2BC7/H2BC8/H3C1/H3C11/H3C2/H3C3/H3C6/H3C8/H4C1/H4C11/H4C12/H4C13/H4C15/H4C16/H4C2/H4C3/H4C4/H4C5/H4C6/H4C9/KAT6A/MRGBP/SHPRH/SLF1/TRRAP/YEATS4/ZNHIT1",57
"GO:0032993","protein-DNA complex","85/3892","240/19960",0.354166666666667,1.81633264816718,6.26172837778243,4.69831945800962e-09,2.7214111937548e-07,2.04291299510216e-07,"ACD/BCAS2/CDC5L/DDIT3/DMAP1/EP300/EP400/GINS4/GTF2A1/H1-1/H1-10/H1-2/H1-3/H1-4/H1-5/H2AC11/H2AC13/H2AC15/H2AC16/H2AC20/H2AC21/H2AC4/H2AC7/H2AC8/H2AJ/H2AZ1/H2BC12/H2BC13/H2BC15/H2BC17/H2BC18/H2BC21/H2BC26/H2BC3/H2BC4/H2BC5/H2BC6/H2BC7/H2BC8/H3C1/H3C11/H3C2/H3C3/H3C6/H3C8/H4C1/H4C11/H4C12/H4C13/H4C15/H4C16/H4C2/H4C3/H4C4/H4C5/H4C6/H4C9/KAT6A/KDM5A/MCM7/MED1/MRGBP/NFE2L2/NPM1/ORC3/POLA1/POLA2/POLD2/POLR2H/PRIM2/PRKDC/RAD52/RPA4/RPRD2/SHPRH/SLF1/SOX12/SP1/TEN1/TERF2IP/TOP1/TRRAP/XRCC6/YEATS4/ZNHIT1",85
"GO:0016607","nuclear speck","130/3892","416/19960",0.3125,1.60264645426516,6.11332433501832,5.5710167584659e-09,2.99641115651773e-07,2.24935037541067e-07,"ABHD17A/ACIN1/AFF2/AKAP17A/ALKBH5/ALYREF/APEX1/ARGLU1/ARHGAP18/ASCC1/ASCC2/ASCC3/ATF4/ATXN2L/BARD1/BCAS2/BMP2K/BRD2/C12orf57/CACNB4/CACTIN/CBX4/CCNL2/CD2BP2/CDC5L/CDK13/CHTOP/COP1/CTR9/CWC15/CXXC1/DACH1/DAZAP2/DDX39A/DDX39B/DENND1B/DGKQ/DYRK1A/EHMT2/EIF4A3/EIF4E/EIF4ENIF1/EP400/ERBIN/FAM193B/FBXL4/FTO/GADD45A/GATAD2B/HDAC4/HECTD1/IFI16/IK/KAT6A/LUC7L3/MAGOH/MAML2/MAPK14/MTREX/NAMPT/NOC3L/NONO/NR3C1/NRDE2/NRIP1/NSL1/NUP43/NXF1/NXT1/PABPN1/PARN/PCBP1/PHF5A/PIAS1/PIAS3/PIN1/PNN/PPIE/PPIH/PQBP1/PRCC/PRPF18/PRPF31/RBM14/RBM4B/RING1/RNF113A/RNF34/RNPS1/RREB1/RSRC1/SAP18/SARNP/SART1/SCAPER/SCNM1/SDE2/SETD1A/SF3A2/SF3B2/SFPQ/SIRT7/SLC2A4RG/SNRNP70/SNRPB2/SNURF/SRPK1/SRRM2/SRSF11/SRSF12/SRSF2/SRSF3/SRSF5/SRSF7/SRSF8/SRSF9/SURF2/SYF2/TARDBP/TCF12/THAP7/TIMM50/TRIM69/TRIP12/U2AF1L4/U2AF2/ZNF106/ZNF217/ZNF395/ZNF638",130
"GO:0005684","U2-type spliceosomal complex","43/3892","95/19960",0.452631578947368,2.32130686428301,6.3532523019049,1.00282109308589e-08,5.03416188729118e-07,3.77905211920789e-07,"AQR/BCAS2/BUD31/CDC5L/CWC15/DHX16/EIF4A3/HTATSF1/IK/ISY1/LSM4/LSM5/LSM7/LUC7L3/PHF5A/PPIE/PPIL1/PRPF18/PRPF31/RBM22/RBMX2/RNF113A/SART1/SF3A2/SF3B2/SF3B3/SF3B4/SF3B5/SNRNP70/SNRPB/SNRPB2/SNRPC/SNRPD1/SNRPD2/SNRPE/SNRPF/SNU13/SRRM2/SYF2/TXNL4A/U2AF2/XAB2/YJU2B",43
"GO:0000313","organellar ribosome","40/3892","88/19960",0.454545454545455,2.33112211529478,6.15904445901782,2.80574404937646e-08,1.24277957010616e-06,9.32931612702883e-07,"AURKAIP1/CHCHD1/DAP3/GADD45GIP1/MPV17L2/MRPL10/MRPL11/MRPL14/MRPL16/MRPL21/MRPL22/MRPL23/MRPL24/MRPL28/MRPL32/MRPL33/MRPL34/MRPL37/MRPL4/MRPL41/MRPL43/MRPL44/MRPL45/MRPL47/MRPL49/MRPL52/MRPL54/MRPL55/MRPL57/MRPL9/MRPS12/MRPS15/MRPS2/MRPS21/MRPS26/MRPS30/MRPS34/MRPS7/MRPS9/NSUN3",40
"GO:0005761","mitochondrial ribosome","40/3892","88/19960",0.454545454545455,2.33112211529478,6.15904445901782,2.80574404937646e-08,1.24277957010616e-06,9.32931612702883e-07,"AURKAIP1/CHCHD1/DAP3/GADD45GIP1/MPV17L2/MRPL10/MRPL11/MRPL14/MRPL16/MRPL21/MRPL22/MRPL23/MRPL24/MRPL28/MRPL32/MRPL33/MRPL34/MRPL37/MRPL4/MRPL41/MRPL43/MRPL44/MRPL45/MRPL47/MRPL49/MRPL52/MRPL54/MRPL55/MRPL57/MRPL9/MRPS12/MRPS15/MRPS2/MRPS21/MRPS26/MRPS30/MRPS34/MRPS7/MRPS9/NSUN3",40
"GO:0005819","spindle","131/3892","434/19960",0.30184331797235,1.54799399453446,5.68053074451154,4.92204292668358e-08,2.0590546243293e-06,1.54569418223923e-06,"AAAS/ACOT13/AFG2A/AKT1/ANAPC5/ANAPC7/ARL8A/AUNIP/AURKA/BBLN/BEX4/BIRC6/BOD1/CCDC69/CD180/CDC14A/CDC27/CDC42/CENPE/CENPF/CENPV/CEP128/CEP162/CEP19/CEP295/CEP350/CEP63/CFAP53/CHMP4B/CIAO2B/CKAP5/CLASP1/CLASP2/CLTA/CLTC/CLTCL1/CSPP1/CUL3/DCTN3/DYNLT1/E4F1/ECT2/EMD/EML3/ENKD1/EPB41/EVI5/FAM110A/FBF1/FRY/GIT1/GPSM2/GPX2/HAUS5/HDAC3/HECW2/HSPB1/IK/INVS/KAT2A/KATNB1/KIF14/KIF18A/KIF20B/KIF2A/KIFC2/LATS1/MAD2L1BP/MAD2L2/MAK/MAP10/MAP7D1/MAPK14/MICAL3/MZT1/MZT2A/MZT2B/NCOR1/NEIL2/NGRN/NIN/NPM1/NR3C1/NSL1/NUBP2/NUDC/NUSAP1/ODF2/PARP4/PKP4/POC1B/POLDIP2/RAB11A/RACGAP1/RASSF1/RB1/RIF1/RMDN2/RPS3/RTRAF/SBDS/SEPTIN1/SGF29/SGO1/SKA2/SKA3/SLC25A5/SPAST/STAG1/STAG2/TBL1X/TBL1XR1/TPT1/TTL/TUBB2A/TUBB2B/TUBG1/TUBG2/TUBGCP4/UBXN2B/UHRF1/UNC119/UXT/VPS4A/VPS4B/WAPL/WDR5/WDR73/WNK1/ZW10/ZZZ3",131
"GO:0032040","small-subunit processome","35/3892","74/19960",0.472972972972973,2.42562706591484,6.04676328782812,5.9310601738597e-08,2.25055966443512e-06,1.68945347005195e-06,"FBL/IMP3/IMP4/NGDN/NOL10/NOL7/NOP56/NOP58/PRKDC/RPS11/RPS12/RPS13/RPS14/RPS15A/RPS16/RPS17/RPS19/RPS19BP1/RPS23/RPS24/RPS27/RPS27A/RPS28/RPS3A/RPS4X/RPS5/RPS6/RPS7/RPS8/RPS9/RRP9/SNU13/UTP14A/UTP6/WDR3",35
"GO:0070069","cytochrome complex","23/3892","39/19960",0.58974358974359,3.02448151369015,6.22824150797786,6.29128806109683e-08,2.25055966443512e-06,1.68945347005195e-06,"BCS1L/COX15/COX4I1/COX5A/COX5B/COX6A1/COX6B1/COX7A1/COX7A2/COX7A2L/COX7B/COX7C/COX8A/CYC1/MTCO2P12/NDUFA4/UQCRB/UQCRC1/UQCRFS1/UQCRFS1P1/UQCRH/UQCRHL/UQCRQ",23
"GO:0000315","organellar large ribosomal subunit","29/3892","56/19960",0.517857142857143,2.65581412421084,6.10675234971131,6.57534032105879e-08,2.25055966443512e-06,1.68945347005195e-06,"GADD45GIP1/MPV17L2/MRPL10/MRPL11/MRPL14/MRPL16/MRPL21/MRPL22/MRPL23/MRPL24/MRPL28/MRPL32/MRPL33/MRPL34/MRPL37/MRPL4/MRPL41/MRPL43/MRPL44/MRPL45/MRPL47/MRPL49/MRPL52/MRPL54/MRPL55/MRPL57/MRPL9/MRPS30/NSUN3",29
"GO:0005762","mitochondrial large ribosomal subunit","29/3892","56/19960",0.517857142857143,2.65581412421084,6.10675234971131,6.57534032105879e-08,2.25055966443512e-06,1.68945347005195e-06,"GADD45GIP1/MPV17L2/MRPL10/MRPL11/MRPL14/MRPL16/MRPL21/MRPL22/MRPL23/MRPL24/MRPL28/MRPL32/MRPL33/MRPL34/MRPL37/MRPL4/MRPL41/MRPL43/MRPL44/MRPL45/MRPL47/MRPL49/MRPL52/MRPL54/MRPL55/MRPL57/MRPL9/MRPS30/NSUN3",29
"GO:0098687","chromosomal region","123/3892","404/19960",0.304455445544554,1.56139020890784,5.61035568536882,7.38878359234582e-08,2.41902349784192e-06,1.81591615061314e-06,"ACD/AHCTF1/ALYREF/APC/APEX1/ARID2/ATR/ATRX/AURKA/BAZ1A/BOD1/BRCA2/BUB3/C9orf78/CDC73/CEBPB/CENPE/CENPF/CENPI/CENPM/CENPP/CENPT/CENPV/CENPX/CHMP4B/CHRAC1/CKAP5/CLASP1/CLASP2/DCTN3/DNA2/ERCC1/ERCC6L/FBXW11/FLYWCH1/GAR1/GATAD2B/GPATCH11/H2AC4/H2AC8/H2BC3/H4C1/H4C11/H4C12/H4C13/H4C15/H4C16/H4C2/H4C3/H4C4/H4C5/H4C6/H4C9/HAT1/HELLS/HMBOX1/IKZF1/KANSL1/KAT8/KDM4C/KIF18A/KMT5B/KMT5C/LIG4/LRIF1/MCM7/MEN1/MTA2/NABP1/NABP2/NBN/NGDN/NHP2/NSL1/NSMCE3/NSMCE4A/NUP43/ORC3/ORC4/PBRM1/PDS5B/PHF10/POLE3/PPP1R10/PPP1R12A/PRKDC/PSEN1/RAD50/RAD51D/RBBP4/RBBP7/RIF1/RPA4/SETX/SGO1/SGO2/SIRT6/SKA2/SKA3/SLF1/SMARCD1/SMC1B/SMCHD1/SMG6/SNAI1/SP100/SSB/STAG1/STAG2/SUMO3/SUV39H2/SYCP2L/SYCP3/TEN1/TERF2IP/TP53BP1/WAPL/WRNIP1/XPO1/XRCC1/XRCC6/ZNF330/ZW10",123
"GO:0043505","CENP-A containing nucleosome","14/3892","18/19960",0.777777777777778,3.98880895283773,6.24345441830346,1.55029604003862e-07,4.66949167259632e-06,3.50530094105574e-06,"H2AC4/H2AC8/H4C1/H4C11/H4C12/H4C13/H4C15/H4C16/H4C2/H4C3/H4C4/H4C5/H4C6/H4C9",14
"GO:0061638","CENP-A containing chromatin","14/3892","18/19960",0.777777777777778,3.98880895283773,6.24345441830346,1.55029604003862e-07,4.66949167259632e-06,3.50530094105574e-06,"H2AC4/H2AC8/H4C1/H4C11/H4C12/H4C13/H4C15/H4C16/H4C2/H4C3/H4C4/H4C5/H4C6/H4C9",14
"GO:0034506","chromosome, centromeric core domain","14/3892","19/19960",0.736842105263158,3.77887163953048,5.96412467688728,4.82629219663495e-07,1.39776847079466e-05,1.04927891076638e-05,"H2AC4/H2AC8/H4C1/H4C11/H4C12/H4C13/H4C15/H4C16/H4C2/H4C3/H4C4/H4C5/H4C6/H4C9",14
"GO:0033290","eukaryotic 48S preinitiation complex","13/3892","17/19960",0.764705882352941,3.92177014690768,5.93130363235148,6.22861486181718e-07,1.73709147812901e-05,1.30400240966699e-05,"EIF1/EIF2S1/EIF3B/EIF3C/EIF3CL/EIF3D/EIF3F/EIF3G/EIF3H/EIF3I/EIF3K/EIF3L/EIF3M",13
"GO:1990204","oxidoreductase complex","55/3892","150/19960",0.366666666666667,1.88043850633779,5.32693396915713,6.59551620068049e-07,1.773722749683e-05,1.33150082697948e-05,"ABHD11/AMT/BCKDHA/BCS1L/COX4I1/COX5A/COX5B/COX6A1/COX6B1/COX7A1/COX7A2/COX7A2L/COX7B/COX7C/COX8A/CYBA/CYC1/DBT/DHTKD1/DLAT/DLST/DUOX1/HSD17B8/IDH3B/IDH3G/KAT2A/KGD4/MTCO2P12/NDUFA1/NDUFA2/NDUFA3/NDUFA4/NDUFA6/NDUFB10/NDUFB11/NDUFB2/NDUFB4/NDUFB7/NDUFC1/NDUFS1/NDUFS2/NDUFS3/NDUFS5/NDUFS6/NDUFS8/NDUFV1/PDHX/SDHA/UQCRB/UQCRC1/UQCRFS1/UQCRFS1P1/UQCRH/UQCRHL/UQCRQ",55
"GO:0061695","transferase complex, transferring phosphorus-containing groups","94/3892","302/19960",0.311258278145695,1.59627832265881,5.13875273083207,8.44624869097039e-07,2.19311216010369e-05,1.64632869221456e-05,"ACVR2A/ATG101/ATXN7L3/CAB39/CCND2/CCNK/CCNL2/CCNQ/CDC73/CDK10/CDK11B/CDK13/CDK14/CDK16/CDK9/CDKN2D/CHRAC1/CKS2/CNPPD1/CSNK2A1/CTR9/DNA2/ENY2/ERN1/GNPTG/GTF2A1/GTF2E1/GTF2F1/GTF2F2/IFIT5/KAT2A/LEO1/MAD2L2/MAP3K5/MED12/MED13/PHKB/PHKG1/PHKG2/PIK3C3/PIK3CB/PIK3CG/PIK3R4/POLA1/POLA2/POLD2/POLE2/POLE3/POLE4/POLR1C/POLR1D/POLR2C/POLR2E/POLR2F/POLR2G/POLR2H/POLR2J/POLR2J3/POLR2K/POLR2L/POLR3A/POLR3C/POLR3D/POLR3GL/POLRMT/PRIM2/PRKAG3/PRKAR1A/PRKCI/PRKDC/PRPS2/RB1/RB1CC1/REV3L/SESN2/SKIC8/STK11/STRADA/TAF1/TAF11/TAF2/TAF6/TAF6L/TANK/TBC1D5/TBK1/TBP/TGFBR1/TGFBR2/TRAF3/TRRAP/VAC14/WDR41/XRCC6",94
"GO:0071013","catalytic step 2 spliceosome","38/3892","91/19960",0.417582417582418,2.14155833888619,5.37162511214032,8.92452175287707e-07,2.24005495997214e-05,1.68156778291052e-05,"ALYREF/AQR/BCAS2/BUD31/CACTIN/CDC5L/CWC15/DDX41/EIF4A3/ESS2/HNRNPA1/HNRNPA1L3/HNRNPH1/HNRNPM/ISY1/LSM7/MAGOH/MTREX/PNN/PPIE/PPIL1/PPIL3/RALY/RBM22/RBMX/SART1/SF3A2/SF3B2/SF3B3/SNRPB/SNRPB2/SNRPD1/SNRPD2/SNRPE/SNRPF/SRRM2/SYF2/XAB2",38
"GO:0000228","nuclear chromosome","77/3892","236/19960",0.326271186440678,1.67327155224973,5.12063313921937,1.10267138583769e-06,2.67842436624446e-05,2.01064357960897e-05,"ACTR5/AGO3/ARID4B/ATRX/BAZ1A/BCAS2/BRCA1/BRCA2/BRMS1/CCNB1IP1/CDC5L/CHRAC1/CSNK2A1/DMAP1/EME2/EP400/FAM9C/FIRRE/GINS4/HDAC8/HORMAD1/IHO1/IK/ING1/ING2/INO80D/INO80E/LRIF1/MCM7/MCRS1/MLH1/NCAPH2/ORC3/ORC4/P3H4/PBRM1/POLA1/POLA2/POLD2/POLE2/POLE3/POLE4/PRIM2/RAD50/RAD9A/RAD9B/RBBP4/RBBP7/RNF212B/RPA4/RRS1/SETD5/SETX/SFR1/SHOC1/SIN3B/SIRT7/SMC1B/SMCHD1/SRSF2/SYCP2L/SYCP3/TARDBP/TERF2IP/TET1/TFPT/TOP1/TRIM24/TRRAP/TTN/TUBG1/UBE2I/WDHD1/YY1/ZMIZ2/ZNHIT1/ZRANB3",77
"GO:0000781","chromosome, telomeric region","60/3892","173/19960",0.346820809248555,1.77865964866422,5.06239044185124,1.8148907020374e-06,4.27066468323176e-05,3.2059089045858e-05,"ACD/ALYREF/APEX1/ATR/ATRX/BRCA2/CDC73/DNA2/ERCC1/GAR1/GATAD2B/H2BC3/H4C1/H4C11/H4C12/H4C13/H4C15/H4C16/H4C2/H4C3/H4C4/H4C5/H4C6/H4C9/HAT1/HMBOX1/LIG4/LRIF1/MCM7/MEN1/MTA2/NABP1/NABP2/NBN/NHP2/NSMCE3/NSMCE4A/ORC3/ORC4/PPP1R10/PRKDC/RAD50/RAD51D/RBBP4/RBBP7/RIF1/RPA4/SETX/SIRT6/SLF1/SMCHD1/SMG6/SP100/SSB/TEN1/TERF2IP/TP53BP1/WRNIP1/XRCC1/XRCC6",60
"GO:0120114","Sm-like protein family complex","45/3892","119/19960",0.378151260504202,1.93933688583347,5.05810653154458,2.53947730366393e-06,5.79462548381496e-05,4.34991806082146e-05,"ARFGEF1/CD2BP2/DDX39B/GEMIN5/GEMIN8/HTATSF1/LSM1/LSM4/LSM5/LSM7/LUC7L3/MEPCE/PHF5A/PPIH/PRPF18/PRPF31/RBM42/RBMX2/RNU5D-1/RNU5F-1/RNU6-9/RNVU1-3/RNVU1-8/SART1/SF3A2/SF3B2/SF3B3/SF3B4/SF3B5/SNRNP27/SNRNP70/SNRPA/SNRPB/SNRPB2/SNRPC/SNRPD1/SNRPD2/SNRPE/SNRPF/SNU13/STRAP/TGS1/TSSC4/TXNL4A/USP39",45
"GO:0030532","small nuclear ribonucleoprotein complex","41/3892","107/19960",0.383177570093458,1.9651141570055,4.92643091738517,4.74478632094663e-06,0.000100609888953639,7.55259808039483e-05,"ARFGEF1/CD2BP2/DDX39B/HTATSF1/LSM4/LSM5/LSM7/LUC7L3/MEPCE/PHF5A/PPIH/PRPF18/PRPF31/RBM42/RBMX2/RNU5D-1/RNU5F-1/RNU6-9/RNVU1-3/RNVU1-8/SART1/SF3A2/SF3B2/SF3B3/SF3B4/SF3B5/SNRNP27/SNRNP70/SNRPA/SNRPB/SNRPB2/SNRPC/SNRPD1/SNRPD2/SNRPE/SNRPF/SNU13/TGS1/TSSC4/TXNL4A/USP39",41
"GO:0070993","translation preinitiation complex","13/3892","19/19960",0.68421052631579,3.50895223670688,5.38481293457775,4.77851389356886e-06,0.000100609888953639,7.55259808039483e-05,"EIF1/EIF2S1/EIF3B/EIF3C/EIF3CL/EIF3D/EIF3F/EIF3G/EIF3H/EIF3I/EIF3K/EIF3L/EIF3M",13
"GO:0071011","precatalytic spliceosome","25/3892","53/19960",0.471698113207547,2.41908898757005,5.09119287020504,4.8100345316481e-06,0.000100609888953639,7.55259808039483e-05,"DHX16/IK/LSM4/LSM5/LSM7/PHF5A/PRPF31/PRPF38B/RBMX2/RNF113A/SART1/SF3A2/SF3B2/SF3B3/SF3B4/SF3B5/SNRPB/SNRPB2/SNRPD1/SNRPD2/SNRPE/SNRPF/SNU13/SRRM2/TXNL4A",25
"GO:0071005","U2-type precatalytic spliceosome","24/3892","50/19960",0.48,2.46166495375128,5.09298151073362,5.06866802984862e-06,0.000103154243958811,7.74359809965494e-05,"DHX16/IK/LSM4/LSM5/LSM7/PHF5A/PRPF31/RBMX2/RNF113A/SART1/SF3A2/SF3B2/SF3B3/SF3B4/SF3B5/SNRPB/SNRPB2/SNRPD1/SNRPD2/SNRPE/SNRPF/SNU13/SRRM2/TXNL4A",24
"GO:0097525","spliceosomal snRNP complex","38/3892","97/19960",0.391752577319588,2.00909081276952,4.90307561940878,5.66318052993636e-06,0.000112220393132686,8.42417713178898e-05,"CD2BP2/DDX39B/HTATSF1/LSM4/LSM5/LSM7/LUC7L3/PHF5A/PPIH/PRPF18/PRPF31/RBM42/RBMX2/RNU5D-1/RNU5F-1/RNU6-9/RNVU1-3/RNVU1-8/SART1/SF3A2/SF3B2/SF3B3/SF3B4/SF3B5/SNRNP27/SNRNP70/SNRPA/SNRPB/SNRPB2/SNRPC/SNRPD1/SNRPD2/SNRPE/SNRPF/SNU13/TSSC4/TXNL4A/USP39",38
"GO:0071007","U2-type catalytic step 2 spliceosome","17/3892","30/19960",0.566666666666667,2.90613223706749,5.14203345237471,7.19495057115868e-06,0.000138002881844867,0.000103596208220722,"AQR/BCAS2/BUD31/CDC5L/CWC15/PPIE/PPIL1/RBM22/SNRPB/SNRPB2/SNRPD1/SNRPD2/SNRPE/SNRPF/SRRM2/SYF2/XAB2",17
"GO:0099023","vesicle tethering complex","29/3892","67/19960",0.432835820895522,2.21978493963891,4.92204319097668,7.33083037688536e-06,0.000138002881844867,0.000103596208220722,"CDC42/COG5/COG6/EXOC1/EXOC2/EXOC4/EXOC5/EXOC6/EXOC6B/HOOK2/HOOK3/MYRIP/NBAS/RAB10/TRAPPC2L/TRAPPC4/TRAPPC6A/TRAPPC8/TRAPPC9/VPS11/VPS16/VPS33A/VPS41/VPS51/VPS53/VPS54/VPS8/WASHC1/ZW10",29
"GO:0005791","rough endoplasmic reticulum","26/3892","58/19960",0.448275862068966,2.29896870680795,4.87572517135281,9.98900472949823e-06,0.000183456599056394,0.000137717472137113,"CCDC47/CDKAL1/FKRP/LIN28A/LRPAP1/PLOD2/PLOD3/PSEN1/RANGRF/RP9/RPL18/RPL27/RPL4/RPL6/RPS21/RPS23/RPS26/RPS28/RPS29/SEC61A1/SEC61B/SEC61G/SSR4/TMCC1/VTN/ZC3H12A",26
"GO:0016282","eukaryotic 43S preinitiation complex","12/3892","18/19960",0.666666666666667,3.41897910243234,5.0531117924167,1.69462634217768e-05,0.000303822294204712,0.000228073770864514,"EIF1/EIF3B/EIF3C/EIF3CL/EIF3D/EIF3F/EIF3G/EIF3H/EIF3I/EIF3K/EIF3L/EIF3M",12
"GO:0005758","mitochondrial intermembrane space","34/3892","87/19960",0.390804597701149,2.00422912901206,4.61993236816501,1.83296761514374e-05,0.000320982468419358,0.000240955595919753,"AKT1/BLOC1S1/CHCHD10/CHCHD2/CHCHD5/CHCHD7/CIAPIN1/COX4I1/COX5A/DIABLO/FBXL4/GFER/GOLPH3/HAX1/HTRA2/MICU1/NBR1/NDUFB7/NDUFS1/NDUFS5/NME4/OMA1/PANK2/PARK7/PRELID1/PRELID3B/SOD1/STOML2/THOP1/TIMM13/TIMM21/TIMM29/TRAP1/TRIAP1",34
"GO:0005852","eukaryotic translation initiation factor 3 complex","11/3892","16/19960",0.6875,3.52582219938335,4.97429488982914,2.51406439160903e-05,0.000430247837927637,0.00032297908571628,"EIF3B/EIF3C/EIF3CL/EIF3D/EIF3F/EIF3G/EIF3H/EIF3I/EIF3K/EIF3L/EIF3M",11
"GO:1905368","peptidase complex","45/3892","129/19960",0.348837209302326,1.7890006931332,4.42460826215932,2.84880367703274e-05,0.000476699815290145,0.000357849725044814,"ADRM1/ATXN7L3/CAPNS2/DNAJB2/ENY2/FAP/GPAA1/HSPB1/HTRA2/KAT2A/PIGT/PLAU/PMPCA/PSMA7/PSMB1/PSMB2/PSMB3/PSMB4/PSMB6/PSMC1/PSMC2/PSMC3/PSMC5/PSMD1/PSMD13/PSMD2/PSMD3/PSMD7/PSMD8/PSMD9/PSME1/RAD23A/SEC11C/SEM1/SF3B3/SF3B5/SGF29/SPCS1/SUPT20H/SUPT7L/TAF6/TAF6L/TRRAP/UBE3A/ZFAND2B",45
"GO:0000118","histone deacetylase complex","32/3892","82/19960",0.390243902439024,2.001353620936,4.47180594512805,3.30321407841445e-05,0.000537058222785135,0.000403159663990518,"ARID4B/BRMS1/CSNK2A1/DMAP1/EP400/GATAD2B/HDAC11/HDAC3/HDAC4/HDAC8/HDAC9/HINT1/ING1/ING2/JMJD1C/KDM3B/MTA1/MTA2/NCOR1/NRIP1/RBBP4/RBBP7/SAP18/SETD5/SIN3B/TAF6L/TBL1X/TBL1XR1/TET1/TRRAP/ZNF217/ZNHIT1",32
"GO:0046540","U4/U6 x U5 tri-snRNP complex","21/3892","45/19960",0.466666666666667,2.39328537170264,4.60501524506878,3.3521562378355e-05,0.000537058222785135,0.000403159663990518,"LSM4/LSM5/LSM7/PPIH/PRPF18/PRPF31/RBM42/RNU5D-1/RNU5F-1/RNU6-9/SART1/SNRNP27/SNRPA/SNRPB/SNRPD1/SNRPD2/SNRPE/SNRPF/SNU13/TXNL4A/USP39",21
"GO:0000775","chromosome, centromeric region","78/3892","262/19960",0.297709923664122,1.52679601139154,4.22432137286941,4.00145763311257e-05,0.000625824275923292,0.000469794696541285,"AHCTF1/APC/ARID2/ATRX/AURKA/BAZ1A/BOD1/BUB3/C9orf78/CEBPB/CENPE/CENPF/CENPI/CENPM/CENPP/CENPT/CENPV/CENPX/CHMP4B/CHRAC1/CKAP5/CLASP1/CLASP2/DCTN3/ERCC6L/FBXW11/FLYWCH1/GPATCH11/H2AC4/H2AC8/H4C1/H4C11/H4C12/H4C13/H4C15/H4C16/H4C2/H4C3/H4C4/H4C5/H4C6/H4C9/HELLS/IKZF1/KANSL1/KAT8/KDM4C/KIF18A/KMT5B/KMT5C/NGDN/NSL1/NUP43/PBRM1/PDS5B/PHF10/POLE3/PPP1R12A/PSEN1/SGO1/SGO2/SIRT6/SKA2/SKA3/SMARCD1/SMC1B/SNAI1/STAG1/STAG2/SUMO3/SUV39H2/SYCP2L/SYCP3/TP53BP1/WAPL/XPO1/ZNF330/ZW10",78
"GO:0036464","cytoplasmic ribonucleoprotein granule","77/3892","258/19960",0.298449612403101,1.53058948190285,4.22170833086235,4.07242888715024e-05,0.000625824275923292,0.000469794696541285,"AGO1/AGO2/AGO3/AGO4/ANKRD34B/APOBEC3F/ATXN2/ATXN2L/BARD1/CAPRIN1/CDC42/CDK9/CIRBP/DAZAP2/DCP2/DDX19B/EID1/EIF2S1/EIF3B/EIF4E/EIF4ENIF1/ELAVL1/HAX1/HELZ/HIPK2/IQGAP1/LARP4/LARP4B/LIMD1/LIN28A/LSM1/LSM4/MCRIP1/MCRIP2/NBDY/NCL/NXF1/PABPC4/PAN2/PCBP1/POLR2G/PQBP1/PSMC2/PSMC3/PUM1/PUM2/QKI/RBPMS/RC3H1/RC3H2/ROCK2/RPL28/RPL6/RPLP0/RPS4X/RPS6/SARNP/SHFL/SMG1/SNCAIP/SNRPB2/SSB/STAU2/TARDBP/TDRD7/TNRC6A/TNRC6B/TOP1/UBAP2/USP3/XRN1/YBX1/YTHDF1/ZAR1/ZC3H12A/ZC3H12C/ZFP36",77
"GO:0005838","proteasome regulatory particle","13/3892","22/19960",0.590909090909091,3.03045874988321,4.68964111727406,4.84644050244675e-05,0.00071603248468161,0.000537512328614,"ADRM1/PSMC1/PSMC2/PSMC3/PSMC5/PSMD1/PSMD13/PSMD2/PSMD3/PSMD7/PSMD8/PSMD9/SEM1",13
"GO:1904813","ficolin-1-rich granule lumen","43/3892","124/19960",0.346774193548387,1.77842058150714,4.27930258737578,4.98000260772343e-05,0.00071603248468161,0.000537512328614,"ACTR1B/ACTR2/ALAD/AMPD3/APAF1/ARSB/ATG7/C1orf35/CAB39/CDK13/COMMD3/CST3/CSTB/DYNLT1/EEF1A1/EEF2/FGL2/FTH1/GNS/GSTP1/GUSB/HMGB1/HSP90AB1/HUWE1/IDH1/ILF2/KCMF1/MAPK14/MNDA/OSTF1/PGM2/PPIA/PPIE/PSMB1/PSMC2/PSMC3/PSMD13/PSMD2/PSMD3/PSMD7/SRP14/VCL/XRCC6",43
"GO:0045275","respiratory chain complex III","9/3892","12/19960",0.75,3.84635149023638,4.85405134424337,5.00018823921019e-05,0.00071603248468161,0.000537512328614,"BCS1L/CYC1/UQCRB/UQCRC1/UQCRFS1/UQCRFS1P1/UQCRH/UQCRHL/UQCRQ",9
"GO:0097526","spliceosomal tri-snRNP complex","21/3892","46/19960",0.456521739130435,2.34125742883954,4.48215321620745,5.03980367704188e-05,0.00071603248468161,0.000537512328614,"LSM4/LSM5/LSM7/PPIH/PRPF18/PRPF31/RBM42/RNU5D-1/RNU5F-1/RNU6-9/SART1/SNRNP27/SNRPA/SNRPB/SNRPD1/SNRPD2/SNRPE/SNRPF/SNU13/TXNL4A/USP39",21
"GO:0005774","vacuolar membrane","131/3892","491/19960",0.266802443991853,1.36828797072903,4.06659901123694,5.53081146670679e-05,0.000769686550559626,0.000577789442441489,"ABCA13/AHNAK/AP2M1/AP2S1/AP3B1/ARL8A/ATP6AP1/ATP6V0B/ATP6V0E2/ATP6V1A/ATP6V1C1/ATP6V1D/ATP6V1F/ATP6V1G1/ATP6V1H/ATRAID/BLOC1S1/BORCS5/BORCS7/CCDC115/CCZ1/CD74/CEACAM8/CHMP4B/CLCN3/CLN5/CLTA/CLTC/CP/CPNE3/DDOST/DNAJC13/DRAM1/DTX3L/EEF1A1/EEF1A2/ENPEP/FNIP1/GABARAPL1/GABARAPL3/GDAP2/GNAQ/GNB2/GNB4/HLA-DMA/HLA-DMB/HLA-DPA1/HLA-DPB1/HLA-DRB1/KXD1/LAMP2/LAMTOR1/LAMTOR4/LNPEP/LRBA/LRP2/MARCHF2/MARCHF9/MEAK7/MFSD12/MIOS/MITF/MLST8/MTOR/NPRL2/NSF/OSTM1/PCSK9/PGAP6/PI4K2A/PIP4P1/PLD1/PLD3/PLEKHM2/PRMT1/PSEN1/RAB3D/RAB5C/RAP1B/RB1CC1/RHEB/RNF13/RRAGB/SBF2/SESN2/SLC17A9/SLC30A4/SLC31A2/SLC36A4/SLC38A9/SLC39A8/SLC3A1/SLC3A2/SNX14/SORT1/SPG11/SPNS1/SPPL2A/STARD3/STK11IP/STOM/STX7/SURF4/SZT2/TAB2/TBC1D7/TEX264/TLR7/TLR8/TM9SF1/TMEM163/TMEM165/TMEM175/TMEM192/TMEM203/UBA52/UBXN6/VAC14/VAMP8/VASN/VMP1/VPS11/VPS13B/VPS13C/VPS16/VPS33A/VPS35/VPS41/VPS4A/WDFY3/WDR41",131
"GO:0022624","proteasome accessory complex","14/3892","25/19960",0.56,2.87194244604317,4.60923944309689,5.62188051537575e-05,0.000769686550559626,0.000577789442441489,"ADRM1/PSMC1/PSMC2/PSMC3/PSMC5/PSMD1/PSMD13/PSMD2/PSMD3/PSMD7/PSMD8/PSMD9/PSME1/SEM1",14
"GO:0035770","ribonucleoprotein granule","81/3892","277/19960",0.292418772563177,1.49966050882863,4.1213942186038,5.72960755713032e-05,0.000770427587592703,0.000578345725221614,"AGO1/AGO2/AGO3/AGO4/ANKRD34B/APOBEC3F/ATXN2/ATXN2L/BARD1/CAPRIN1/CDC42/CDK9/CIRBP/DAZAP2/DCP2/DDX19B/DDX28/EID1/EIF2S1/EIF3B/EIF4E/EIF4ENIF1/ELAVL1/FASTK/HAX1/HELZ/HIPK2/HNRNPL/IQGAP1/LARP4/LARP4B/LIMD1/LIN28A/LSM1/LSM4/MCRIP1/MCRIP2/NBDY/NCL/NXF1/PABPC4/PAN2/PCBP1/POLR2G/PQBP1/PSMC2/PSMC3/PUM1/PUM2/QKI/RBPMS/RC3H1/RC3H2/ROCK2/RPL28/RPL6/RPLP0/RPS4X/RPS6/RPUSD4/SARNP/SHFL/SMG1/SNCAIP/SNRPB2/SSB/STAU2/TARDBP/TDRD7/TNRC6A/TNRC6B/TOP1/UBAP2/USP3/XRN1/YBX1/YTHDF1/ZAR1/ZC3H12A/ZC3H12C/ZFP36",81
"GO:0071339","MLL1 complex","16/3892","31/19960",0.516129032258065,2.64695156317342,4.51641471223973,6.30392442420191e-05,0.000832781594986673,0.000625153724062129,"ASH2L/CHD8/KANSL1/KAT8/KMT2A/MCRS1/MEN1/MGA/PELP1/PRPF31/RBBP5/RNF2/SENP3/TAF1/TAF6/WDR5",16
"GO:0034708","methyltransferase complex","37/3892","103/19960",0.359223300970874,1.84226543868927,4.21779694704633,6.97702060048926e-05,0.000905809743477312,0.000679974602987791,"ASH2L/BOD1/BOD1L1/CHD8/CXXC1/EPOP/HDAC9/HSD17B10/KANSL1/KAT8/KMT2A/KMT2C/MCRS1/MEN1/MGA/PAGR1/PELP1/PHF1/PRMT1/PRPF31/RAMAC/RBBP4/RBBP5/RBBP7/RNF2/SENP3/SETD1A/SNRPB/SNRPD1/SNRPD2/SNRPE/SNRPF/TAF1/TAF6/TRMT112/WDR4/WDR5",37
"GO:0005765","lysosomal membrane","120/3892","447/19960",0.268456375838926,1.37677010836202,3.9649989140448,8.39237329113307e-05,0.0010532428480372,0.00079064990479622,"ABCA13/AHNAK/AP2M1/AP2S1/AP3B1/ARL8A/ATP6AP1/ATP6V0B/ATP6V0E2/ATP6V1A/ATP6V1C1/ATP6V1D/ATP6V1F/ATP6V1G1/ATP6V1H/ATRAID/BLOC1S1/BORCS5/BORCS7/CCZ1/CD74/CEACAM8/CHMP4B/CLCN3/CLN5/CLTA/CLTC/CP/CPNE3/DDOST/DNAJC13/DRAM1/DTX3L/EEF1A1/EEF1A2/ENPEP/FNIP1/GDAP2/GNAQ/GNB2/GNB4/HLA-DMA/HLA-DMB/HLA-DPA1/HLA-DPB1/HLA-DRB1/KXD1/LAMP2/LAMTOR1/LAMTOR4/LNPEP/LRBA/LRP2/MARCHF2/MARCHF9/MEAK7/MFSD12/MIOS/MITF/MLST8/MTOR/NPRL2/NSF/OSTM1/PCSK9/PGAP6/PI4K2A/PIP4P1/PLD1/PLD3/PLEKHM2/PRMT1/PSEN1/RAB3D/RAB5C/RAP1B/RHEB/RNF13/RRAGB/SESN2/SLC17A9/SLC30A4/SLC31A2/SLC36A4/SLC38A9/SLC39A8/SLC3A2/SNX14/SORT1/SPG11/SPNS1/SPPL2A/STARD3/STK11IP/STOM/STX7/SURF4/SZT2/TAB2/TBC1D7/TLR7/TLR8/TM9SF1/TMEM163/TMEM165/TMEM175/TMEM192/TMEM203/UBA52/UBXN6/VAMP8/VASN/VPS11/VPS13B/VPS13C/VPS16/VPS33A/VPS35/VPS41/WDR41",120
"GO:0098852","lytic vacuole membrane","120/3892","447/19960",0.268456375838926,1.37677010836202,3.9649989140448,8.39237329113307e-05,0.0010532428480372,0.00079064990479622,"ABCA13/AHNAK/AP2M1/AP2S1/AP3B1/ARL8A/ATP6AP1/ATP6V0B/ATP6V0E2/ATP6V1A/ATP6V1C1/ATP6V1D/ATP6V1F/ATP6V1G1/ATP6V1H/ATRAID/BLOC1S1/BORCS5/BORCS7/CCZ1/CD74/CEACAM8/CHMP4B/CLCN3/CLN5/CLTA/CLTC/CP/CPNE3/DDOST/DNAJC13/DRAM1/DTX3L/EEF1A1/EEF1A2/ENPEP/FNIP1/GDAP2/GNAQ/GNB2/GNB4/HLA-DMA/HLA-DMB/HLA-DPA1/HLA-DPB1/HLA-DRB1/KXD1/LAMP2/LAMTOR1/LAMTOR4/LNPEP/LRBA/LRP2/MARCHF2/MARCHF9/MEAK7/MFSD12/MIOS/MITF/MLST8/MTOR/NPRL2/NSF/OSTM1/PCSK9/PGAP6/PI4K2A/PIP4P1/PLD1/PLD3/PLEKHM2/PRMT1/PSEN1/RAB3D/RAB5C/RAP1B/RHEB/RNF13/RRAGB/SESN2/SLC17A9/SLC30A4/SLC31A2/SLC36A4/SLC38A9/SLC39A8/SLC3A2/SNX14/SORT1/SPG11/SPNS1/SPPL2A/STARD3/STK11IP/STOM/STX7/SURF4/SZT2/TAB2/TBC1D7/TLR7/TLR8/TM9SF1/TMEM163/TMEM165/TMEM175/TMEM192/TMEM203/UBA52/UBXN6/VAMP8/VASN/VPS11/VPS13B/VPS13C/VPS16/VPS33A/VPS35/VPS41/WDR41",120
"GO:1990391","DNA repair complex","13/3892","23/19960",0.565217391304348,2.89869967380133,4.48399565105018,9.15583835791933e-05,0.00113022070221529,0.000848435754651023,"ASCC1/ASCC2/ASCC3/BRCA1/BRCA2/CYREN/DCLRE1C/FANCI/LIG4/PRKDC/TP53BP1/XRCC4/XRCC6",13
"GO:0044665","MLL1/2 complex","16/3892","32/19960",0.5,2.56423432682425,4.35832725782075,0.000103316972875241,0.00125480129959769,0.000941956102444899,"ASH2L/CHD8/KANSL1/KAT8/KMT2A/MCRS1/MEN1/MGA/PELP1/PRPF31/RBBP5/RNF2/SENP3/TAF1/TAF6/WDR5",16
"GO:0005666","RNA polymerase III complex","11/3892","18/19960",0.611111111111111,3.13406417722965,4.45794047947332,0.000124127444012135,0.00148361849747837,0.00111372493624923,"POLR1C/POLR1D/POLR2E/POLR2F/POLR2H/POLR2K/POLR2L/POLR3A/POLR3C/POLR3D/POLR3GL",11
"GO:0045277","respiratory chain complex IV","13/3892","24/19960",0.541666666666667,2.77792052072628,4.28917577348162,0.000164132772338015,0.00190372062890089,0.00142908782794405,"COX4I1/COX5A/COX5B/COX6A1/COX6B1/COX7A1/COX7A2/COX7A2L/COX7B/COX7C/COX8A/MTCO2P12/NDUFA4",13
"GO:1904949","ATPase complex","42/3892","126/19960",0.333333333333333,1.70948955121617,3.93188688576302,0.000166577808480105,0.00190372062890089,0.00142908782794405,"ACTR5/ARID1B/ARID2/ATP6AP1/ATP6V0B/ATP6V0E2/ATP6V1A/ATP6V1C1/ATP6V1D/ATP6V1F/ATP6V1G1/ATP6V1H/BAZ1A/BCL7B/BCL7C/BICRA/BICRAL/BPTF/CCDC115/CHRAC1/DMAP1/DPF1/EP400/GATAD2B/INO80D/INO80E/MCRS1/MTA1/MTA2/PBRM1/PHF10/POLE3/RB1/RBBP4/RBBP7/SMARCD1/TFPT/TRRAP/VPS4A/VPS4B/YY1/ZNHIT1",42
"GO:0035097","histone methyltransferase complex","27/3892","70/19960",0.385714285714286,1.97812362355014,4.03459800897874,0.000166859975441512,0.00190372062890089,0.00142908782794405,"ASH2L/BOD1/BOD1L1/CHD8/CXXC1/EPOP/HDAC9/KANSL1/KAT8/KMT2A/KMT2C/MCRS1/MEN1/MGA/PAGR1/PELP1/PHF1/PRPF31/RBBP4/RBBP5/RBBP7/RNF2/SENP3/SETD1A/TAF1/TAF6/WDR5",27
"GO:0030496","midbody","62/3892","207/19960",0.29951690821256,1.53606307500583,3.81557001756439,0.000195011841849529,0.00219170025242829,0.00164526879926469,"ANKRD54/ARF6/ARL8A/AURKA/BCL3/BIRC6/CCDC124/CCDC69/CDC42/CENPE/CENPF/CENPV/CHMP4B/CIAO2B/CPEB3/CTNND1/DCTN3/ECT2/EML3/ENTR1/EXOC1/EXOC2/EXOC4/EXOC5/EXOC6/GDI1/HSPA5/IQGAP1/KATNB1/KIF14/KIF20B/LATS1/MAK/MAP10/MBD5/MICAL3/MYH10/NUDC/PDCD6IP/PIK3C3/PIK3CB/PIN1/PITPNM1/PKN1/PKP4/POLDIP2/RAB11FIP3/RACGAP1/RACK1/RAN/RDX/SEPTIN1/SPAST/SSNA1/TTC19/TXNDC9/USP3/USP8/VPS4A/VPS4B/ZFYVE19/ZNF330",62
"GO:0016469","proton-transporting two-sector ATPase complex","21/3892","50/19960",0.42,2.15395683453237,4.02081257224842,0.000218180312518734,0.00241602610774421,0.0018136660653647,"ATP5F1A/ATP5F1B/ATP5F1D/ATP5F1E/ATP5F1EP2/ATP5MC1/ATP5MC2/ATP5MC3/ATP5MJ/ATP5PD/ATP5PF/ATP6AP1/ATP6V0B/ATP6V0E2/ATP6V1A/ATP6V1C1/ATP6V1D/ATP6V1F/ATP6V1G1/ATP6V1H/CCDC115",21
"GO:0000502","proteasome complex","25/3892","64/19960",0.390625,2.00330806783145,3.95654672338256,0.000227807288293334,0.00248607084180987,0.00186624735032068,"ADRM1/DNAJB2/HSPB1/PSMA7/PSMB1/PSMB2/PSMB3/PSMB4/PSMB6/PSMC1/PSMC2/PSMC3/PSMC5/PSMD1/PSMD13/PSMD2/PSMD3/PSMD7/PSMD8/PSMD9/PSME1/RAD23A/SEM1/UBE3A/ZFAND2B",25
"GO:0005770","late endosome","88/3892","318/19960",0.276729559748428,1.41919887270776,3.70864877808353,0.000237776697149848,0.00255779789934051,0.00192009152435291,"APOE/ARL8A/ATP13A3/ATP7A/CCZ1/CD74/CHMP4B/CLCN3/CLEC16A/CLTCL1/CST7/CXCR4/DDIT3/DERL2/FIG4/FYCO1/GOSR2/HLA-DMA/HLA-DMB/HLA-DPA1/HLA-DPB1/HLA-DRB1/HTT/IFNAR1/IL12A/IL12B/KCMF1/KIDINS220/LAMP2/LAMTOR1/LAMTOR4/LRRK2/MAP2K2/MFSD12/MTM1/MYO5A/NBR1/OSBPL11/OSBPL9/PCSK9/PIK3C3/PIK3R4/PIKFYVE/PIP4P1/PLD1/PLD3/PMEL/PRKAR1A/RAB11A/RAB27A/RAB27B/RAB9A/RNF13/RUBCN/SDF4/SFTPD/SLC30A4/SLC31A2/SLC38A9/SLC9A9/SNX14/SNX16/SPPL2A/STARD3/STX7/TICAM2/TMEM163/TMEM192/TPT1/UBXN6/VAC14/VAMP8/VPS11/VPS13C/VPS16/VPS26B/VPS28/VPS33A/VPS35/VPS37A/VPS41/VPS4A/VPS4B/VPS8/VTA1/WASHC1/ZC3HAV1/ZMPSTE24",88
"GO:0033178","proton-transporting two-sector ATPase complex, catalytic domain","11/3892","19/19960",0.578947368421053,2.96911343105966,4.22618944995869,0.000242820443435958,0.00257526470291939,0.00193320353039451,"ATP5F1A/ATP5F1B/ATP5F1D/ATP5F1E/ATP5F1EP2/ATP6V1A/ATP6V1C1/ATP6V1D/ATP6V1F/ATP6V1G1/ATP6V1H",11
"GO:0031970","organelle envelope lumen","34/3892","98/19960",0.346938775510204,1.77926463493928,3.80593537519433,0.000289109539221872,0.00302360393102874,0.00226976348775066,"AKT1/BLOC1S1/CHCHD10/CHCHD2/CHCHD5/CHCHD7/CIAPIN1/COX4I1/COX5A/DIABLO/FBXL4/GFER/GOLPH3/HAX1/HTRA2/MICU1/NBR1/NDUFB7/NDUFS1/NDUFS5/NME4/OMA1/PANK2/PARK7/PRELID1/PRELID3B/SOD1/STOML2/THOP1/TIMM13/TIMM21/TIMM29/TRAP1/TRIAP1",34
"GO:0034399","nuclear periphery","48/3892","155/19960",0.309677419354839,1.58817093790405,3.61790268422313,0.000426647993762786,0.00440090327812847,0.00330367660635351,"AHCTF1/ARFGEF1/ARID2/ATF4/ATN1/ATXN1/CEBPB/CENPF/CFL1/CXXC1/DCAF7/DGKQ/EBNA1BP2/EIF6/ERCC8/FIGN/HAT1/HLTF/HNRNPM/KAT8/LMNTD2/LRIF1/MATR3/MEN1/MORC3/NONO/NSMF/PBRM1/PHB2/PHF10/PHF5A/PIAS1/POLA1/PRR14/RNASEL/RNF220/SCAF8/SFPQ/SMARCD1/SP100/SRPK1/STAG1/STAG2/UHRF1/YEATS4/YY1/ZNF350/ZNF703",48
"GO:0000932","P-body","34/3892","100/19960",0.34,1.74367934224049,3.66919665734049,0.000443146262958412,0.00440531535701494,0.00330698867228213,"AGO1/AGO2/AGO3/AGO4/APOBEC3F/CAPRIN1/DCP2/EIF4E/EIF4ENIF1/ELAVL1/HAX1/LIMD1/LIN28A/LSM1/LSM4/NBDY/PAN2/POLR2G/PSMC2/PSMC3/PUM1/RBPMS/RC3H1/RC3H2/SHFL/TNRC6A/TNRC6B/TOP1/UBAP2/XRN1/YBX1/YTHDF1/ZC3H12A/ZFP36",34
"GO:0005686","U2 snRNP","14/3892","29/19960",0.482758620689655,2.47581245348549,3.91417752125326,0.000444487278094731,0.00440531535701494,0.00330698867228213,"HTATSF1/PHF5A/RBMX2/SF3A2/SF3B2/SF3B3/SF3B4/SF3B5/SNRPB/SNRPB2/SNRPD1/SNRPD2/SNRPE/SNRPF",14
"GO:0042575","DNA polymerase complex","11/3892","20/19960",0.55,2.82065775950668,4.00918069610284,0.000444626782381322,0.00440531535701494,0.00330698867228213,"CHRAC1/DNA2/MAD2L2/POLA1/POLA2/POLD2/POLE2/POLE3/POLE4/PRIM2/REV3L",11
"GO:0000922","spindle pole","54/3892","180/19960",0.3,1.53854059609455,3.57204111429916,0.000465238941022661,0.00451098681803061,0.00338631428151596,"AAAS/AUNIP/AURKA/BEX4/BIRC6/BOD1/CDC14A/CENPF/CEP128/CEP19/CEP63/CFAP53/CKAP5/CSPP1/CUL3/EMD/ENKD1/FAM110A/FBF1/FRY/GIT1/GPSM2/IK/KATNB1/KIF20B/KIF2A/LATS1/MAP10/MAPK14/NIN/NPM1/NSL1/NUBP2/ODF2/PKP4/POC1B/RAB11A/RASSF1/RMDN2/SBDS/SGO1/SPAST/STAG1/STAG2/TPT1/TUBG1/TUBGCP4/UBXN2B/UNC119/UXT/VPS4A/VPS4B/WDR73/ZW10",54
"GO:0000791","euchromatin","24/3892","63/19960",0.380952380952381,1.95370234424705,3.73133479742729,0.000467273534935442,0.00451098681803061,0.00338631428151596,"ASH2L/BCAS3/CTR9/ESR1/EXOSC3/H1-1/H1-2/H1-3/H1-4/H1-5/H2AZ1/JAK2/NSMF/PELP1/RBMX/RNF2/SETD5/SKIC3/SKIC8/SP1/TBP/TRIM24/TRIM28/UHRF1",24
"GO:0030135","coated vesicle","87/3892","320/19960",0.271875,1.39430241521069,3.49952079097155,0.000480359825875577,0.0045786196061305,0.0034370849632936,"ADAM10/AFTPH/AP1G2/AP2M1/AP2S1/AP3B1/APOE/ATP6AP1/ATP6V0B/ATP6V0E2/ATP6V1A/ATP6V1C1/ATP6V1D/ATP6V1F/ATP6V1H/ATP7A/CCDC115/CD74/CEMIP/CLTA/CLTB/CLTC/CLTCL1/COPB2/COPZ2/DENND1B/DENND1C/DIPK2A/DNAJC6/DVL1/EPGN/ERGIC2/ERGIC3/FURIN/GOSR2/HAX1/HBEGF/HLA-B/HLA-C/HLA-DPA1/HLA-DPB1/HLA-DRB1/KDELR1/KDELR3/LRP2/MYO1E/NECAP1/PCSK9/PDCD6/PICALM/PIK3C2A/RAB27A/RAB27B/RAB3A/REEP6/SCAMP1/SCYL1/SCYL2/SEC16A/SEC22B/SEC23A/SEC23IP/SEC24A/SEC24D/SEC31B/SFTPD/SORT1/STON2/STX6/SURF4/SYNRG/SYT9/TBC1D5/TEPSIN/TEX261/TMED4/TMED9/USE1/VAMP2/VAMP8/VPS11/VPS16/VPS33A/VPS41/YIF1A/YIF1B/YIPF6",87
"GO:1905369","endopeptidase complex","33/3892","98/19960",0.336734693877551,1.72693332214695,3.55034878027307,0.000648073211314124,0.00609998910149419,0.00457914887468006,"ADRM1/CAPNS2/DNAJB2/GPAA1/HSPB1/HTRA2/PIGT/PLAU/PMPCA/PSMA7/PSMB1/PSMB2/PSMB3/PSMB4/PSMB6/PSMC1/PSMC2/PSMC3/PSMC5/PSMD1/PSMD13/PSMD2/PSMD3/PSMD7/PSMD8/PSMD9/PSME1/RAD23A/SEC11C/SEM1/SPCS1/UBE3A/ZFAND2B",33
"GO:0000428","DNA-directed RNA polymerase complex","37/3892","114/19960",0.324561403508772,1.6645029840789,3.50177115559149,0.000702737821592122,0.00653285900813417,0.00490409629883001,"ATXN7L3/CDC73/CTR9/ENY2/GTF2A1/GTF2E1/GTF2F1/GTF2F2/KAT2A/LEO1/POLA1/POLA2/POLR1C/POLR1D/POLR2C/POLR2E/POLR2F/POLR2G/POLR2H/POLR2J/POLR2J3/POLR2K/POLR2L/POLR3A/POLR3C/POLR3D/POLR3GL/POLRMT/PRIM2/SKIC8/TAF1/TAF11/TAF2/TAF6/TAF6L/TBP/TRRAP",37
"GO:0005689","U12-type spliceosomal complex","13/3892","27/19960",0.481481481481481,2.46926268509002,3.75984456311564,0.000732957854532491,0.00673069834710934,0.0050526106275218,"LSM7/PHF5A/SF3B2/SF3B3/SF3B4/SF3B5/SNRPB/SNRPD1/SNRPD2/SNRPE/SNRPF/YBX1/ZRSR2",13
"GO:0045259","proton-transporting ATP synthase complex","11/3892","21/19960",0.523809523809524,2.6863407233397,3.80520607938761,0.00076968274999653,0.00698278446683599,0.00524184701012222,"ATP5F1A/ATP5F1B/ATP5F1D/ATP5F1E/ATP5F1EP2/ATP5MC1/ATP5MC2/ATP5MC3/ATP5MJ/ATP5PD/ATP5PF",11
"GO:0055029","nuclear DNA-directed RNA polymerase complex","36/3892","111/19960",0.324324324324324,1.66328713091303,3.44880498893433,0.000835928570373794,0.00749350254156508,0.00562523361266575,"ATXN7L3/CDC73/CTR9/ENY2/GTF2A1/GTF2E1/GTF2F1/GTF2F2/KAT2A/LEO1/POLA1/POLA2/POLR1C/POLR1D/POLR2C/POLR2E/POLR2F/POLR2G/POLR2H/POLR2J/POLR2J3/POLR2K/POLR2L/POLR3A/POLR3C/POLR3D/POLR3GL/PRIM2/SKIC8/TAF1/TAF11/TAF2/TAF6/TAF6L/TBP/TRRAP",36
"GO:0101002","ficolin-1-rich granule","54/3892","185/19960",0.291891891891892,1.49695841782173,3.34212402868707,0.000950933213014572,0.00842414952235262,0.00632385306983066,"ACTR1B/ACTR2/ALAD/AMPD3/APAF1/ARL8A/ARSB/ATAD3B/ATG7/C1orf35/CAB39/CD58/CDK13/CLEC4D/COMMD3/CST3/CSTB/DYNLT1/EEF1A1/EEF2/FGL2/FTH1/GNS/GSTP1/GUSB/HMGB1/HSP90AB1/HUWE1/IDH1/ILF2/KCMF1/LAMP2/LAMTOR1/MAPK14/MNDA/NCKAP1L/OSTF1/PGM2/PPIA/PPIE/PSMB1/PSMC2/PSMC3/PSMD13/PSMD2/PSMD3/PSMD7/SERPINB10/SERPINB6/SRP14/TBC1D10C/UBR4/VCL/XRCC6",54
"GO:0016363","nuclear matrix","40/3892","129/19960",0.310077519379845,1.59022283834062,3.30988916710136,0.00119485789391621,0.0103865116822665,0.00779696200933404,"AHCTF1/ARFGEF1/ARID2/ATN1/ATXN1/CEBPB/CENPF/CFL1/CXXC1/DCAF7/DGKQ/ERCC8/FIGN/HAT1/HLTF/HNRNPM/KAT8/LRIF1/MATR3/MEN1/MORC3/NONO/NSMF/PBRM1/PHB2/PHF10/PHF5A/POLA1/RNASEL/SCAF8/SFPQ/SMARCD1/SRPK1/STAG1/STAG2/UHRF1/YEATS4/YY1/ZNF350/ZNF703",40
"GO:0030880","RNA polymerase complex","37/3892","117/19960",0.316239316239316,1.62182342038457,3.31994763220008,0.00120427776056971,0.0103865116822665,0.00779696200933404,"ATXN7L3/CDC73/CTR9/ENY2/GTF2A1/GTF2E1/GTF2F1/GTF2F2/KAT2A/LEO1/POLA1/POLA2/POLR1C/POLR1D/POLR2C/POLR2E/POLR2F/POLR2G/POLR2H/POLR2J/POLR2J3/POLR2K/POLR2L/POLR3A/POLR3C/POLR3D/POLR3GL/POLRMT/PRIM2/SKIC8/TAF1/TAF11/TAF2/TAF6/TAF6L/TBP/TRRAP",37
"GO:0005665","RNA polymerase II, core complex","9/3892","16/19960",0.5625,2.88476361767729,3.71180918207026,0.00121382872249595,0.0103865116822665,0.00779696200933404,"POLR2C/POLR2E/POLR2F/POLR2G/POLR2H/POLR2J/POLR2J3/POLR2K/POLR2L",9
"GO:0010494","cytoplasmic stress granule","31/3892","94/19960",0.329787234042553,1.69130349216068,3.30637687905916,0.00136928303998616,0.0115850576304447,0.00869668826105933,"ATXN2/ATXN2L/CAPRIN1/CIRBP/DAZAP2/DDX19B/EIF2S1/EIF3B/EIF4E/ELAVL1/HIPK2/LARP4/LARP4B/LIN28A/MCRIP1/MCRIP2/NXF1/PABPC4/PQBP1/PUM1/PUM2/QKI/RBPMS/RC3H1/RC3H2/SSB/STAU2/TARDBP/YBX1/YTHDF1/ZFP36",31
"GO:0072686","mitotic spindle","53/3892","184/19960",0.28804347826087,1.47722194914876,3.20062643850465,0.00146167748370723,0.0122293682803505,0.00918036033626646,"AAAS/AURKA/CD180/CDC14A/CDC27/CDC42/CENPE/CEP295/CLASP1/CLASP2/CLTC/CUL3/ECT2/EML3/EPB41/GIT1/GPSM2/GPX2/HAUS5/HDAC3/HECW2/IK/KAT2A/KIF18A/KIF20B/KIFC2/MAK/MAP10/NCOR1/NEIL2/NGRN/NIN/NUDC/NUSAP1/PKP4/POLDIP2/RACGAP1/RMDN2/RPS3/RTRAF/SGF29/SKA3/STAG1/STAG2/TBL1X/TBL1XR1/TUBB2A/TUBB2B/TUBG1/WAPL/WDR5/WNK1/ZZZ3",53
"GO:0044545","NSL complex","7/3892","11/19960",0.636363636363636,3.26357096141269,3.69576871366436,0.00167498796524754,0.0138600652508945,0.0104044943590275,"KANSL1/KANSL1L/KANSL2/KAT8/MCRS1/PHF20L1/WDR5",7
"GO:0030867","rough endoplasmic reticulum membrane","12/3892","26/19960",0.461538461538462,2.36698553245316,3.4326399972392,0.00185360849067144,0.0151713825377782,0.0113888759667113,"CCDC47/PLOD2/RP9/RPL27/RPS26/RPS28/RPS29/SEC61A1/SEC61B/SEC61G/SSR4/ZC3H12A",12
"GO:0000974","Prp19 complex","8/3892","14/19960",0.571428571428571,2.93055351637058,3.55625462810029,0.0020123857283823,0.0162938328330309,0.0122314786207277,"BCAS2/CDC5L/CWC15/ISY1/RBM22/SYF2/U2AF2/XAB2",8
"GO:0000145","exocyst","9/3892","17/19960",0.529411764705882,2.71507164016686,3.48166013669183,0.002134877154027,0.0167454426768992,0.0125704937687774,"EXOC1/EXOC2/EXOC4/EXOC5/EXOC6/EXOC6B/MYRIP/RAB10/WASHC1",9
"GO:0030687","preribosome, large subunit precursor","9/3892","17/19960",0.529411764705882,2.71507164016686,3.48166013669183,0.002134877154027,0.0167454426768992,0.0125704937687774,"BOP1/EBNA1BP2/MDN1/NIP7/NSA2/PES1/RPF1/RRS1/ZNF622",9
"GO:0045239","tricarboxylic acid cycle heteromeric enzyme complex","9/3892","17/19960",0.529411764705882,2.71507164016686,3.48166013669183,0.002134877154027,0.0167454426768992,0.0125704937687774,"ABHD11/BCKDHA/DBT/DLST/IDH3B/IDH3G/KAT2A/KGD4/SUCLA2",9
"GO:0030055","cell-substrate junction","109/3892","434/19960",0.251152073732719,1.28802553743707,2.98568585957897,0.0022163933830472,0.0170310438085401,0.0127848892502775,"ACTR2/ACTR3/ADAM10/ADAM17/AHNAK/ALCAM/ARF1/ARF6/ARHGAP26/ARMC5/ARPC5L/CALR/CBL/CD44/CD99/CDC42/CFL1/CIB2/CLASP1/CLASP2/CLTC/COL17A1/CORO1C/CPNE3/CSRP2/DCAF6/ERBIN/FAP/FBLIM1/FLRT1/FOCAD/GIT1/GIT2/GNB2/HMGA1/HSPA5/HSPB1/IQGAP1/IRF2/ITGA11/ITGB3/JAK2/LIMD1/LIMS1/MAP2K2/NHERF2/NPM1/PDCD6IP/PEAK3/PFN1/PLAU/PPIA/PPP1R12A/RAB10/RDX/RHOG/RND3/RPL10A/RPL12/RPL13A/RPL18/RPL19/RPL22/RPL23/RPL27/RPL3/RPL30/RPL31/RPL37A/RPL38/RPL4/RPL5/RPL6/RPL7/RPL7A/RPL8/RPL9/RPLP0/RPLP1/RPLP2/RPS11/RPS13/RPS14/RPS15/RPS16/RPS17/RPS18/RPS19/RPS2/RPS29/RPS3/RPS3A/RPS4X/RPS5/RPS7/RPS8/RPS9/SHROOM4/SLC6A4/SORBS3/STX16/TEK/TLE2/TNC/TSPAN4/VCL/XIRP2/YWHAE/YWHAZ",109
"GO:0070461","SAGA-type complex","16/3892","40/19960",0.4,2.0513874614594,3.27584251788492,0.00221652362979672,0.0170310438085401,0.0127848892502775,"ATXN7L3/ENY2/KAT2A/POLE3/POLE4/SF3B3/SF3B5/SGF29/SUPT20H/SUPT7L/TAF2/TAF6/TAF6L/TRRAP/WDR5/ZZZ3",16
"GO:0070603","SWI/SNF superfamily-type complex","30/3892","94/19960",0.319148936170213,1.63674531499421,3.04543519773909,0.00285857364856969,0.0217424844179089,0.0163216804814665,"ACTR5/ARID1B/ARID2/BAZ1A/BCL7B/BCL7C/BICRA/BICRAL/BPTF/CHRAC1/DMAP1/DPF1/EP400/GATAD2B/INO80D/INO80E/MCRS1/MTA1/MTA2/PBRM1/PHF10/POLE3/RB1/RBBP4/RBBP7/SMARCD1/TFPT/TRRAP/YY1/ZNHIT1",30
"GO:0005925","focal adhesion","106/3892","424/19960",0.25,1.28211716341213,2.88981144578444,0.00294580395411753,0.022181903774505,0.0166515444564328,"ACTR2/ACTR3/ADAM10/ADAM17/AHNAK/ALCAM/ARF1/ARF6/ARHGAP26/ARMC5/ARPC5L/CALR/CBL/CD44/CD99/CDC42/CFL1/CLASP1/CLASP2/CLTC/CORO1C/CPNE3/CSRP2/DCAF6/FAP/FBLIM1/FLRT1/FOCAD/GIT1/GIT2/GNB2/HMGA1/HSPA5/HSPB1/IQGAP1/IRF2/ITGA11/ITGB3/JAK2/LIMD1/LIMS1/MAP2K2/NHERF2/NPM1/PDCD6IP/PEAK3/PFN1/PLAU/PPIA/PPP1R12A/RAB10/RDX/RHOG/RND3/RPL10A/RPL12/RPL13A/RPL18/RPL19/RPL22/RPL23/RPL27/RPL3/RPL30/RPL31/RPL37A/RPL38/RPL4/RPL5/RPL6/RPL7/RPL7A/RPL8/RPL9/RPLP0/RPLP1/RPLP2/RPS11/RPS13/RPS14/RPS15/RPS16/RPS17/RPS18/RPS19/RPS2/RPS29/RPS3/RPS3A/RPS4X/RPS5/RPS7/RPS8/RPS9/SHROOM4/SLC6A4/SORBS3/STX16/TEK/TLE2/TNC/TSPAN4/VCL/XIRP2/YWHAE/YWHAZ",106
"GO:0090543","Flemming body","14/3892","34/19960",0.411764705882353,2.11172238679644,3.19301265672594,0.00299633351212394,0.0223390013329636,0.0167694746848416,"ARF6/BIRC6/EXOC1/EXOC2/EXOC4/EXOC6/KIF14/MICAL3/PDCD6IP/RACGAP1/USP3/VPS4A/VPS4B/ZFYVE19",14
"GO:0000242","pericentriolar material","10/3892","21/19960",0.476190476190476,2.44212793030881,3.25414306356661,0.00333665205558561,0.0237809129729857,0.0178518910554181,"BBS9/CEP192/HOOK3/NEK1/NIN/PCM1/RABL2B/TCP1/TUBG1/TUBG2",10
"GO:0008540","proteasome regulatory particle, base subcomplex","7/3892","12/19960",0.583333333333333,2.9916067146283,3.39640458443267,0.00334437046571511,0.0237809129729857,0.0178518910554181,"PSMC1/PSMC2/PSMC3/PSMC5/PSMD1/PSMD2/PSMD9",7
"GO:0042405","nuclear inclusion body","7/3892","12/19960",0.583333333333333,2.9916067146283,3.39640458443267,0.00334437046571511,0.0237809129729857,0.0178518910554181,"ATXN1/NBN/NXF1/PABPN1/RANBP2/SLF1/STUB1",7
"GO:0030964","NADH dehydrogenase complex","17/3892","45/19960",0.377777777777778,1.93742149137833,3.09831736306611,0.00334764511970317,0.0237809129729857,0.0178518910554181,"NDUFA1/NDUFA2/NDUFA3/NDUFA6/NDUFB10/NDUFB11/NDUFB2/NDUFB4/NDUFB7/NDUFC1/NDUFS1/NDUFS2/NDUFS3/NDUFS5/NDUFS6/NDUFS8/NDUFV1",17
"GO:0045271","respiratory chain complex I","17/3892","45/19960",0.377777777777778,1.93742149137833,3.09831736306611,0.00334764511970317,0.0237809129729857,0.0178518910554181,"NDUFA1/NDUFA2/NDUFA3/NDUFA6/NDUFB10/NDUFB11/NDUFB2/NDUFB4/NDUFB7/NDUFC1/NDUFS1/NDUFS2/NDUFS3/NDUFS5/NDUFS6/NDUFS8/NDUFV1",17
"GO:0005802","trans-Golgi network","71/3892","269/19960",0.263940520446097,1.35361068553548,2.87370727527269,0.00339381441397136,0.023791405175086,0.0178597673572673,"AFTPH/AP4E1/ARFGEF1/ARFIP1/ARFIP2/ASAP1/ATP2C1/ATP2C2/ATP7A/ATP8B1/ATP8B4/ATP9B/ATXN2/BIRC6/CCDC91/CD74/CLASP2/CLTA/CLTB/CLTC/CLTCL1/COG5/COG6/DOP1B/FURIN/GCNT1/GNAS/GOLPH3/HLA-DPA1/HLA-DPB1/HLA-DRB1/HOOK2/LAMP2/LRRK2/MARCHF9/MLANA/MMP24/PCSK1/PCSK4/PI4K2A/PICK1/PIK3C2A/PLEKHA3/PLEKHA8/PLEKHJ1/PLOD3/PREPL/RAB10/RAB11A/RAB11FIP3/RAB9A/SCAMP1/SCAMP3/SCAMP4/SLC10A7/SLC39A9/STX16/STX4/STX6/TBC1D23/TEPSIN/TMEM165/TRAPPC6A/TRAPPC9/VAMP2/VPS13B/VPS51/VPS53/VPS54/YIPF4/YIPF6",71
"GO:0005798","Golgi-associated vesicle","30/3892","95/19960",0.31578947368421,1.61951641694163,2.97882665139873,0.00341231309284101,0.023791405175086,0.0178597673572673,"ADAM10/AFTPH/AP1G2/ATP7A/CCDC115/CLTA/CLTB/CLTC/CLTCL1/CNGB1/COPB2/COPZ2/DIPK2A/FURIN/GPR89A/KDELR1/KDELR3/LRRK2/RAB27B/RHOQ/SCFD1/SCYL1/SORT1/SPPL2A/STK16/SYNRG/TMED9/USE1/VPS41/ZDHHC13",30
"GO:0030132","clathrin coat of coated pit","9/3892","18/19960",0.5,2.56423432682425,3.26759785358655,0.00353589585051535,0.0244268768388813,0.0183368041692587,"AP2M1/AP2S1/CLTA/CLTB/CLTC/EPS15/PICALM/STON2/TBC1D5",9
"GO:0005814","centriole","46/3892","163/19960",0.282208588957055,1.44729790225663,2.82205754602157,0.00442071445292963,0.0302617998459637,0.0227169728346719,"AURKA/C2CD3/CEP128/CEP131/CEP162/CEP19/CEP192/CEP295/CEP295NL/CEP350/CEP63/CEP83/CETN3/CFAP53/CNTROB/CROCC/DEUP1/ENKD1/FBF1/HTT/IFT20/IFT43/IFT52/INTU/KIF2A/NIN/NUBP2/ODAD3/ODF2/POC1B/PPP1R35/RAB11A/RABL2B/RAN/RILPL1/RP2/SASS6/SCLT1/SDCCAG8/SSNA1/STIL/TSKS/TUBD1/TUBG1/WASHC1/WRAP73",46
"GO:0005682","U5 snRNP","11/3892","25/19960",0.44,2.25652620760534,3.09391464979151,0.00451022551413414,0.030596394703991,0.0229681469994313,"CD2BP2/PRPF18/RNU5D-1/RNU5F-1/SNRPB/SNRPD1/SNRPD2/SNRPE/SNRPF/TSSC4/TXNL4A",11
"GO:0030117","membrane coat","30/3892","97/19960",0.309278350515464,1.58612432587067,2.84792196673709,0.00479554904426055,0.0319561807993646,0.0239889132442284,"AFTPH/AP1G2/AP2M1/AP2S1/AP3B1/AP3S2/AP4E1/CHMP4B/CLTA/CLTB/CLTC/CLTCL1/COPB2/COPZ2/DIPK2A/EPS15/NECAP1/PDCD6/PICALM/SCLT1/SCYL1/SEC23A/SEC24A/SEC24D/SEC31B/STON2/SYNRG/TBC1D5/VPS33A/VPS41",30
"GO:0048475","coated membrane","30/3892","97/19960",0.309278350515464,1.58612432587067,2.84792196673709,0.00479554904426055,0.0319561807993646,0.0239889132442284,"AFTPH/AP1G2/AP2M1/AP2S1/AP3B1/AP3S2/AP4E1/CHMP4B/CLTA/CLTB/CLTC/CLTCL1/COPB2/COPZ2/DIPK2A/EPS15/NECAP1/PDCD6/PICALM/SCLT1/SCYL1/SEC23A/SEC24A/SEC24D/SEC31B/STON2/SYNRG/TBC1D5/VPS33A/VPS41",30
"GO:1902554","serine/threonine protein kinase complex","40/3892","139/19960",0.287769784172662,1.47581831759669,2.77051604588747,0.00528771546583116,0.0349267521558847,0.0262188661602154,"ACVR2A/ATG101/CAB39/CCND2/CCNK/CCNL2/CCNQ/CDK10/CDK11B/CDK13/CDK14/CDK16/CDK9/CDKN2D/CKS2/CNPPD1/CSNK2A1/ERN1/IFIT5/MED12/MED13/PHKB/PHKG1/PHKG2/PRKAR1A/PRKCI/PRKDC/RB1/RB1CC1/SESN2/STK11/STRADA/TANK/TBC1D5/TBK1/TGFBR1/TGFBR2/TRAF3/WDR41/XRCC6",40
"GO:0045240","alpha-ketoacid dehydrogenase complex","9/3892","19/19960",0.473684210526316,2.42927462541245,3.06756596533963,0.00556669149009171,0.0364497277568614,0.0273621357453478,"ABHD11/BCKDHA/DBT/DHTKD1/DLAT/DLST/KAT2A/KGD4/PDHX",9
"GO:0005744","TIM23 mitochondrial import inner membrane translocase complex","8/3892","16/19960",0.5,2.56423432682425,3.08056632819082,0.00594333179109922,0.0372699674126969,0.0279778744679083,"DNAJC19/ROMO1/SLC25A6/TIMM17A/TIMM17B/TIMM21/TIMM44/TIMM50",8
"GO:0008023","transcription elongation factor complex","18/3892","51/19960",0.352941176470588,1.81004776011124,2.85066303087848,0.00596307581918158,0.0372699674126969,0.0279778744679083,"AFF1/CCNK/CDC73/CDK13/CDK9/CTR9/ELOA/ELOB/ELOF1/ELP4/EPOP/LEO1/NELFB/NELFE/RB1/SKIC8/SSRP1/SUPT5H",18
"GO:0030118","clathrin coat","18/3892","51/19960",0.352941176470588,1.81004776011124,2.85066303087848,0.00596307581918158,0.0372699674126969,0.0279778744679083,"AFTPH/AP1G2/AP2M1/AP2S1/AP3B1/CLTA/CLTB/CLTC/CLTCL1/EPS15/NECAP1/PICALM/SCLT1/STON2/SYNRG/TBC1D5/VPS33A/VPS41",18
"GO:0005687","U4 snRNP","7/3892","13/19960",0.538461538461538,2.76148312119535,3.12670034621859,0.00603288972629367,0.0372699674126969,0.0279778744679083,"DDX39B/PRPF31/SNRPB/SNRPD1/SNRPD2/SNRPE/SNRPF",7
"GO:0005736","RNA polymerase I complex","7/3892","13/19960",0.538461538461538,2.76148312119535,3.12670034621859,0.00603288972629367,0.0372699674126969,0.0279778744679083,"POLR1C/POLR1D/POLR2E/POLR2F/POLR2H/POLR2K/POLR2L",7
"GO:0030897","HOPS complex","7/3892","13/19960",0.538461538461538,2.76148312119535,3.12670034621859,0.00603288972629367,0.0372699674126969,0.0279778744679083,"HOOK2/HOOK3/VPS11/VPS16/VPS33A/VPS41/VPS8",7
"GO:0000793","condensed chromosome","73/3892","284/19960",0.257042253521127,1.31823313984627,2.6583432691076,0.00603842765517798,0.0372699674126969,0.0279778744679083,"AGO3/AHCTF1/APC/ARID2/ATRX/AURKA/BOD1/BRCA1/BRCA2/BUB3/CCNB1IP1/CEBPB/CENPE/CENPF/CENPI/CENPM/CENPP/CENPT/CENPV/CENPX/CHMP4B/CKAP5/CLASP1/CLASP2/DCTN3/ERCC6L/FAM9C/FBXW11/GPATCH11/HMGB1/HORMAD1/IHO1/KANSL1/KAT8/KIF18A/KMT5B/KMT5C/LIG4/MLH1/NCAPH2/NSL1/NSMCE3/NSMCE4A/NUP43/P3H4/PBRM1/PHF10/PPP1R12A/PSEN1/RAD50/RAD9A/RAD9B/RIF1/RNF212B/RRS1/SGO1/SGO2/SHOC1/SKA2/SKA3/SLF1/SMARCD1/SMC1B/SUMO3/SYCP2L/SYCP3/TOP3B/TP53BP1/TTN/TUBG1/UBE2I/XPO1/ZW10",73
"GO:0030120","vesicle coat","21/3892","63/19960",0.333333333333333,1.70948955121617,2.77585880629668,0.00664593390314497,0.0406860831631558,0.0305422893109872,"AFTPH/AP1G2/AP2M1/AP2S1/CLTA/CLTB/CLTC/CLTCL1/COPB2/COPZ2/DIPK2A/NECAP1/PDCD6/SCYL1/SEC23A/SEC24A/SEC24D/SEC31B/STON2/SYNRG/TBC1D5",21
"GO:0000123","histone acetyltransferase complex","29/3892","95/19960",0.305263157894737,1.56553253637691,2.71925544751364,0.00671419721114305,0.0407725040321832,0.030607163857248,"ATF2/ATXN7L3/DMAP1/ENY2/EP300/EP400/KANSL1/KANSL1L/KANSL2/KAT2A/KAT6A/KAT8/MCRS1/MRGBP/PHF20L1/POLE3/POLE4/SF3B3/SF3B5/SGF29/SUPT20H/SUPT7L/TAF2/TAF6/TAF6L/TRRAP/WDR5/YEATS4/ZZZ3",29
"GO:0016591","RNA polymerase II, holoenzyme","27/3892","87/19960",0.310344827586207,1.59159372009781,2.7216129241061,0.00685220979430937,0.0412777118009196,0.0309864139751085,"ATXN7L3/CDC73/CTR9/ENY2/GTF2A1/GTF2E1/GTF2F1/GTF2F2/KAT2A/LEO1/POLR2C/POLR2E/POLR2F/POLR2G/POLR2H/POLR2J/POLR2J3/POLR2K/POLR2L/SKIC8/TAF1/TAF11/TAF2/TAF6/TAF6L/TBP/TRRAP",27
"GO:0009295","nucleoid","17/3892","48/19960",0.354166666666667,1.81633264816718,2.78679636979069,0.007137973414083,0.0423219998488543,0.0317703416772696,"ACADVL/ATP5F1B/DBT/DDX28/DNA2/HSD17B10/LRRC59/MPG/MTERF2/MTNAP1/POLDIP2/POLRMT/SLC25A5/SSBP1/TOP1MT/TUFM/VDAC2",17
"GO:0042645","mitochondrial nucleoid","17/3892","48/19960",0.354166666666667,1.81633264816718,2.78679636979069,0.007137973414083,0.0423219998488543,0.0317703416772696,"ACADVL/ATP5F1B/DBT/DDX28/DNA2/HSD17B10/LRRC59/MPG/MTERF2/MTNAP1/POLDIP2/POLRMT/SLC25A5/SSBP1/TOP1MT/TUFM/VDAC2",17
"GO:0001650","fibrillar center","42/3892","150/19960",0.28,1.43597122302158,2.63776504636162,0.00730912514173575,0.0429982127478673,0.0322779621801982,"ACACA/ARHGAP33/BTBD10/CCDC137/CCR2/CD2BP2/CEMIP/CHCHD1/COIL/DKC1/EEF1D/EIF3L/FBL/FBLIM1/GAR1/HERC4/IMP4/LEO1/MRI1/MRPL23/NOLC1/NONO/NOP53/NOP56/NOP58/NRIP1/POLR1C/POLR2F/RREB1/RSAD2/SELENBP1/SNAI1/SNRPB2/SPECC1/STAG2/TAF1C/TCOF1/TIMM13/TIMM44/TOP1/TRAF4/UBTF",42
"GO:0071782","endoplasmic reticulum tubular network","12/3892","30/19960",0.4,2.0513874614594,2.83625101821315,0.00768152666067712,0.044629252113555,0.033502353232654,"ARV1/ATL3/C2CD2L/EMD/LNPK/OSBPL8/PARP6/RAB10/REEP3/REEP4/RETREG3/SPAST",12
"GO:0030136","clathrin-coated vesicle","58/3892","220/19960",0.263636363636364,1.35205082687097,2.58415183924754,0.00770491736356194,0.044629252113555,0.033502353232654,"ADAM10/AFTPH/AP1G2/AP2M1/AP2S1/AP3B1/APOE/ATP6AP1/ATP6V0B/ATP6V0E2/ATP6V1A/ATP6V1C1/ATP6V1D/ATP6V1F/ATP6V1H/ATP7A/CD74/CEMIP/CLTA/CLTB/CLTC/CLTCL1/DENND1B/DENND1C/DNAJC6/DVL1/EPGN/FURIN/HAX1/HBEGF/HLA-DPA1/HLA-DPB1/HLA-DRB1/LRP2/MYO1E/NECAP1/PICALM/PIK3C2A/RAB27A/RAB27B/RAB3A/REEP6/SCAMP1/SCYL2/SFTPD/SORT1/STON2/STX6/SYNRG/SYT9/TBC1D5/TMED9/VAMP2/VAMP8/VPS11/VPS16/VPS33A/VPS41",58
"GO:0005874","microtubule","117/3892","489/19960",0.239263803680982,1.22705691713062,2.5018999096965,0.00832680826214437,0.047863256651868,0.035930060560639,"APC/APPBP2/ARHGAP18/ARHGAP4/AURKA/BBLN/BCAS3/BEX4/BOD1/CCT2/CCT4/CENPE/CEP162/CEP295/CFAP276/CFAP52/CFAP53/CFAP68/CHMP4B/CKAP5/CLASP1/CLASP2/CLMP/CLTC/CSPP1/CSTPP1/CUL3/CYP2A6/DCDC2B/DCXR/DISC1/DNAH11/DNAH14/DNAH3/DNAH7/DNAH9/DNM3/DPP9/DPYSL2/DVL1/DYNC1H1/DYNLL2/DYNLRB1/DYNLT1/DYRK1A/EMD/EML3/ENKD1/FAM110A/FAM161B/FBXW11/FIGN/FSD1/GABARAPL1/GABARAPL3/HAUS5/HOOK2/HOOK3/IFT70B/INVS/IQGAP1/KATNB1/KIF13B/KIF14/KIF18A/KIF1B/KIF20B/KIF2A/KIF9/KIFC2/KLC4/MAP10/MAP1A/MAP2K2/MTA1/NAV3/NIN/NUDC/NUSAP1/ODF2/PARP4/PBXIP1/PIERCE1/RAB11A/RAB3D/RACGAP1/RASSF1/RASSF3/REEP3/REEP4/RIBC1/RMDN2/RUSC1/SELENOS/SEPTIN9/SERP1/SKA2/SKA3/SLAIN2/SPAST/STAU2/TBCA/TBCB/TBCE/TCP1/TOGARAM1/TPT1/TTL/TUBA3E/TUBB2A/TUBB2B/TUBD1/TUBG1/TUBG2/TUBGCP4/WHAMM/ZW10",117
"GO:1902555","endoribonuclease complex","13/3892","34/19960",0.382352941176471,1.96088507345384,2.75978808885758,0.00871571332694747,0.0497191828423594,0.0373232699886028,"AGO1/AGO2/AGO3/AGO4/CLP1/ERN1/HSD17B10/POP7/RPP21/TARBP2/TSEN2/TSEN54/TSN",13
